geometry,n,b0_rate,b1_rate,c_rate,c_minus_b1_pp,ci_lo,ci_hi,p_value,n_discordant
G1_SYMMETRIC_MEDIUM,21,0.9523809523809523,0.9523809523809523,0.9047619047619048,-4.76,-14.29,0.0,1.0,1
G2_SYMMETRIC_HIGH,21,0.9047619047619048,0.9047619047619048,0.9523809523809523,4.76,0.0,14.29,1.0,1
G3_SYMMETRIC_WEAK,21,0.9523809523809523,1.0,1.0,0.0,0.0,0.0,1.0,0
G4_TRUE_STRONG,21,1.0,1.0,1.0,0.0,0.0,0.0,1.0,0
G5_FALSE_STRONG,21,0.23809523809523808,1.0,1.0,0.0,0.0,0.0,1.0,0
G6_NEAR_TIE_HIGH,21,0.9523809523809523,0.9047619047619048,0.9047619047619048,0.0,-14.29,14.29,1.0,2
G7_NEAR_TIE_MEDIUM,21,0.9047619047619048,0.7619047619047619,0.6666666666666666,-9.52,-28.57,9.52,0.625,4
G8_HIGH_VS_LOW,21,0.6190476190476191,1.0,1.0,0.0,0.0,0.0,1.0,0
G9_REVERSE_HIGH_LOW,21,0.0,0.8095238095238095,0.8095238095238095,0.0,-19.05,19.05,1.0,4
