case_id,geometry,scale_n,b0_correct,b1_correct,c_correct,b0_wrong_confident,b1_wrong_confident,c_wrong_confident,c_real_frequency,c_real_confidence
b02128d01ea3437e,G1_SYMMETRIC_MEDIUM,10,True,True,True,False,False,False,0.5,0.888888888888889
62035e250d6b6bd6,G1_SYMMETRIC_MEDIUM,10,True,True,True,False,False,False,0.5,0.888888888888889
a803ee0c7cb93e5e,G1_SYMMETRIC_MEDIUM,10,True,True,True,False,False,False,0.5,0.888888888888889
3ca21d7dec66fb77,G1_SYMMETRIC_MEDIUM,10,True,True,True,False,False,False,0.5,0.888888888888889
4ec971a76f31018c,G1_SYMMETRIC_MEDIUM,10,True,True,True,False,False,False,0.5,0.888888888888889
fd2de2945bfcc56c,G1_SYMMETRIC_MEDIUM,10,True,True,True,False,False,False,0.5,0.888888888888889
adeb2b04fb080fc0,G1_SYMMETRIC_MEDIUM,10,True,True,True,False,False,False,0.5,0.888888888888889
3d66e80af04eb14d,G1_SYMMETRIC_MEDIUM,100,True,True,True,False,False,False,0.5,0.888888888888889
2b353aa46774e53b,G1_SYMMETRIC_MEDIUM,100,True,True,True,False,False,False,0.5,0.888888888888889
6b9871fa03203ec0,G1_SYMMETRIC_MEDIUM,100,True,True,True,False,False,False,0.5,0.888888888888889
f6ab9602ab6bc6fe,G1_SYMMETRIC_MEDIUM,100,True,True,True,False,False,False,0.5,0.888888888888889
6daab4858b5e5882,G1_SYMMETRIC_MEDIUM,100,True,True,True,False,False,False,0.5,0.888888888888889
6988da096b3e54d4,G1_SYMMETRIC_MEDIUM,100,True,True,True,False,False,False,0.5,0.888888888888889
605fd36dfa771e82,G1_SYMMETRIC_MEDIUM,100,True,True,True,False,False,False,0.5,0.888888888888889
36e67c8549f8e733,G1_SYMMETRIC_MEDIUM,1000,True,True,True,False,False,False,0.5,0.888888888888889
2cc4f24cc1850dc5,G1_SYMMETRIC_MEDIUM,1000,True,True,True,False,False,False,0.5,0.888888888888889
7a5a07a3f1bb80fa,G1_SYMMETRIC_MEDIUM,1000,True,False,False,False,False,False,0.5,0.888888888888889
b5e99344050b0567,G1_SYMMETRIC_MEDIUM,1000,True,True,True,False,False,False,0.5,0.888888888888889
9b206c3fbad9d8d4,G1_SYMMETRIC_MEDIUM,1000,True,True,True,False,False,False,0.5,0.888888888888889
e167283618c7f05a,G1_SYMMETRIC_MEDIUM,1000,False,True,False,False,False,False,0.5,0.888888888888889
68d22682a3d74369,G1_SYMMETRIC_MEDIUM,1000,True,True,True,False,False,False,0.5,0.888888888888889
44fcdf80bfb3874a,G2_SYMMETRIC_HIGH,10,True,True,True,False,False,False,0.5,0.9847715736040609
72165c8857a8fd0d,G2_SYMMETRIC_HIGH,10,True,True,True,False,False,False,0.5,0.9847715736040609
c7dd367a5b5ebf8a,G2_SYMMETRIC_HIGH,10,True,True,True,False,False,False,0.5,0.9847715736040609
cc21a271f4930c0b,G2_SYMMETRIC_HIGH,10,True,True,True,False,False,False,0.5,0.9847715736040609
082634f7c97e5a86,G2_SYMMETRIC_HIGH,10,True,True,True,False,False,False,0.5,0.9847715736040609
a6a3eb0f769b0c27,G2_SYMMETRIC_HIGH,10,True,True,True,False,False,False,0.5,0.9847715736040609
f2565dcb7206015d,G2_SYMMETRIC_HIGH,10,True,True,True,False,False,False,0.5,0.9847715736040609
6abc78a413ce1cc5,G2_SYMMETRIC_HIGH,100,True,True,True,False,False,False,0.5,0.9847715736040609
57c45151e81a8fe9,G2_SYMMETRIC_HIGH,100,True,True,True,False,False,False,0.5,0.9847715736040609
1faae7126190c647,G2_SYMMETRIC_HIGH,100,True,True,True,False,False,False,0.5,0.9847715736040609
0e0ff18e63883c39,G2_SYMMETRIC_HIGH,100,False,True,True,False,False,False,0.5,0.9847715736040609
eb613c20e18a200a,G2_SYMMETRIC_HIGH,100,True,True,True,False,False,False,0.5,0.9847715736040609
65a2a745851edf26,G2_SYMMETRIC_HIGH,100,True,True,True,False,False,False,0.5,0.9847715736040609
e8678ff153766450,G2_SYMMETRIC_HIGH,100,True,True,True,False,False,False,0.5,0.9847715736040609
7a5e1dd4a5fe9c88,G2_SYMMETRIC_HIGH,1000,True,True,True,False,False,False,0.5,0.9847715736040609
e0ffe60378393e30,G2_SYMMETRIC_HIGH,1000,True,True,True,False,False,False,0.5,0.9847715736040609
bfb21d107bd9c9a3,G2_SYMMETRIC_HIGH,1000,True,True,True,False,False,False,0.5,0.9847715736040609
dec1b24b8baa40a2,G2_SYMMETRIC_HIGH,1000,True,False,False,False,False,False,0.5,0.9847715736040609
b731fce112fbab31,G2_SYMMETRIC_HIGH,1000,True,True,True,False,False,False,0.5,0.9847715736040609
37bfe6986f85f315,G2_SYMMETRIC_HIGH,1000,True,True,True,False,False,False,0.5,0.9847715736040609
02482f19cbe2d973,G2_SYMMETRIC_HIGH,1000,False,False,True,False,False,False,0.5,0.9847715736040609
bfc90313a2473f0d,G3_SYMMETRIC_WEAK,10,True,True,True,False,False,False,0.5,0.5185185185185186
7ec21a3462e1fc68,G3_SYMMETRIC_WEAK,10,True,True,True,False,False,False,0.5,0.5185185185185186
722c6a8f84aab7d6,G3_SYMMETRIC_WEAK,10,True,True,True,False,False,False,0.5,0.5185185185185186
69e1edf28db2fba4,G3_SYMMETRIC_WEAK,10,True,True,True,False,False,False,0.5,0.5185185185185186
e6f36f21a9686a2e,G3_SYMMETRIC_WEAK,10,True,True,True,False,False,False,0.5,0.5185185185185186
0d15acaf6b5e2c44,G3_SYMMETRIC_WEAK,10,True,True,True,False,False,False,0.5,0.5185185185185186
7bdd43b75fa44789,G3_SYMMETRIC_WEAK,10,True,True,True,False,False,False,0.5,0.5185185185185186
2fdabdd81f92f1c4,G3_SYMMETRIC_WEAK,100,True,True,True,False,False,False,0.5,0.5185185185185186
ddbaf47dc49bf88a,G3_SYMMETRIC_WEAK,100,True,True,True,False,False,False,0.5,0.5185185185185186
2045c0e404cf8cf7,G3_SYMMETRIC_WEAK,100,True,True,True,False,False,False,0.5,0.5185185185185186
3dd8f817b9d3b56d,G3_SYMMETRIC_WEAK,100,True,True,True,False,False,False,0.5,0.5185185185185186
fa26aaa90f7b2acf,G3_SYMMETRIC_WEAK,100,True,True,True,False,False,False,0.5,0.5185185185185186
a54673852baf22a5,G3_SYMMETRIC_WEAK,100,True,True,True,False,False,False,0.5,0.5185185185185186
29518d6ced915655,G3_SYMMETRIC_WEAK,100,True,True,True,False,False,False,0.5,0.5185185185185186
217f03aa186e052f,G3_SYMMETRIC_WEAK,1000,True,True,True,False,False,False,0.5,0.5185185185185186
06deb86eb86bdd68,G3_SYMMETRIC_WEAK,1000,True,True,True,False,False,False,0.5,0.5185185185185186
70613f26612f070c,G3_SYMMETRIC_WEAK,1000,True,True,True,False,False,False,0.5,0.5185185185185186
bcf6618e2ed29f80,G3_SYMMETRIC_WEAK,1000,True,True,True,False,False,False,0.5,0.5185185185185186
01b75ce63958e8dc,G3_SYMMETRIC_WEAK,1000,False,True,True,True,False,False,0.5,0.5185185185185186
cb38686b9adcd0bb,G3_SYMMETRIC_WEAK,1000,True,True,True,False,False,False,0.5,0.5185185185185186
e497167f1b8aee1f,G3_SYMMETRIC_WEAK,1000,True,True,True,False,False,False,0.5,0.5185185185185186
7085530fbc131b03,G4_TRUE_STRONG,10,True,True,True,False,False,False,0.9395604395604396,0.9528795811518325
b971fcdd13be4f6a,G4_TRUE_STRONG,10,True,True,True,False,False,False,0.9395604395604396,0.9528795811518325
08be19013d58447c,G4_TRUE_STRONG,10,True,True,True,False,False,False,0.9395604395604396,0.9528795811518325
d5fe587f490d35e0,G4_TRUE_STRONG,10,True,True,True,False,False,False,0.9395604395604396,0.9528795811518325
1ce6a9dd906f3ab1,G4_TRUE_STRONG,10,True,True,True,False,False,False,0.9395604395604396,0.9528795811518325
d1daa5613317a010,G4_TRUE_STRONG,10,True,True,True,False,False,False,0.9395604395604396,0.9528795811518325
dba4a62efe487a50,G4_TRUE_STRONG,10,True,True,True,False,False,False,0.9395604395604396,0.9528795811518325
e8944bb98cf687f8,G4_TRUE_STRONG,100,True,True,True,False,False,False,0.9395604395604396,0.9528795811518325
c135cf3cb69e5528,G4_TRUE_STRONG,100,True,True,True,False,False,False,0.9395604395604396,0.9528795811518325
866fb7b7bb202320,G4_TRUE_STRONG,100,True,True,True,False,False,False,0.9395604395604396,0.9528795811518325
8e492c83b62686f3,G4_TRUE_STRONG,100,True,True,True,False,False,False,0.9395604395604396,0.9528795811518325
9117e26f1be9566d,G4_TRUE_STRONG,100,True,True,True,False,False,False,0.9395604395604396,0.9528795811518325
e4cf01c4825ff953,G4_TRUE_STRONG,100,True,True,True,False,False,False,0.9395604395604396,0.9528795811518325
36b7ece8312b65e4,G4_TRUE_STRONG,100,True,True,True,False,False,False,0.9395604395604396,0.9528795811518325
ecaef33e8778b01e,G4_TRUE_STRONG,1000,True,True,True,False,False,False,0.9395604395604396,0.9528795811518325
50a8d514b5b9e234,G4_TRUE_STRONG,1000,True,True,True,False,False,False,0.9395604395604396,0.9528795811518325
44ff2a56394b68dd,G4_TRUE_STRONG,1000,True,True,True,False,False,False,0.9395604395604396,0.9528795811518325
179d34a36faebd4f,G4_TRUE_STRONG,1000,True,True,True,False,False,False,0.9395604395604396,0.9528795811518325
a2e7055c239032d8,G4_TRUE_STRONG,1000,True,True,True,False,False,False,0.9395604395604396,0.9528795811518325
96bd28e4519d35e9,G4_TRUE_STRONG,1000,True,True,True,False,False,False,0.9395604395604396,0.9528795811518325
5e57ce0a392b46bf,G4_TRUE_STRONG,1000,True,True,True,False,False,False,0.9395604395604396,0.9528795811518325
9af37f9cf565ea66,G5_FALSE_STRONG,10,False,True,True,True,False,False,0.06043956043956051,0.9528795811518325
545bb189e60e4909,G5_FALSE_STRONG,10,True,True,True,False,False,False,0.06043956043956051,0.9528795811518325
368396c97cdbf614,G5_FALSE_STRONG,10,True,True,True,False,False,False,0.06043956043956051,0.9528795811518325
edb015538745e21d,G5_FALSE_STRONG,10,False,True,True,True,False,False,0.06043956043956051,0.9528795811518325
38f0bbbe2082f4a1,G5_FALSE_STRONG,10,False,True,True,True,False,False,0.06043956043956051,0.9528795811518325
f7fadee67f82bca5,G5_FALSE_STRONG,10,True,True,True,False,False,False,0.06043956043956051,0.9528795811518325
badb302638e79292,G5_FALSE_STRONG,10,True,True,True,False,False,False,0.06043956043956051,0.9528795811518325
7bd6f355102101a6,G5_FALSE_STRONG,100,False,True,True,True,False,False,0.06043956043956051,0.9528795811518325
69c8bbce53d42f18,G5_FALSE_STRONG,100,False,True,True,True,False,False,0.06043956043956051,0.9528795811518325
9ce23d694c4f42b8,G5_FALSE_STRONG,100,False,True,True,True,False,False,0.06043956043956051,0.9528795811518325
fef8392ad4c3f28c,G5_FALSE_STRONG,100,False,True,True,True,False,False,0.06043956043956051,0.9528795811518325
f22c96076c3113e0,G5_FALSE_STRONG,100,False,True,True,True,False,False,0.06043956043956051,0.9528795811518325
fd2579366773b5f7,G5_FALSE_STRONG,100,False,True,True,True,False,False,0.06043956043956051,0.9528795811518325
423798c1736d5846,G5_FALSE_STRONG,100,False,True,True,True,False,False,0.06043956043956051,0.9528795811518325
54fdc7e5baecdf15,G5_FALSE_STRONG,1000,False,True,True,True,False,False,0.06043956043956051,0.9528795811518325
63be3431cc66be72,G5_FALSE_STRONG,1000,False,True,True,True,False,False,0.06043956043956051,0.9528795811518325
3ed2850ae6fa5a7f,G5_FALSE_STRONG,1000,True,True,True,False,False,False,0.06043956043956051,0.9528795811518325
1a6fa85cda372213,G5_FALSE_STRONG,1000,False,True,True,True,False,False,0.06043956043956051,0.9528795811518325
108a295f9f398a1d,G5_FALSE_STRONG,1000,False,True,True,True,False,False,0.06043956043956051,0.9528795811518325
7fa9a873e6247175,G5_FALSE_STRONG,1000,False,True,True,True,False,False,0.06043956043956051,0.9528795811518325
6dac4de0436cb7c8,G5_FALSE_STRONG,1000,False,True,True,True,False,False,0.06043956043956051,0.9528795811518325
be059a5640152f34,G6_NEAR_TIE_HIGH,10,True,True,True,False,False,False,0.5554938956714761,0.9479221462388217
0c0f803e32ae8dcc,G6_NEAR_TIE_HIGH,10,True,True,True,False,False,False,0.5554938956714761,0.9479221462388217
753f963c84ea4dc3,G6_NEAR_TIE_HIGH,10,True,False,False,False,False,False,0.5554938956714761,0.9479221462388217
623431c02cf8252a,G6_NEAR_TIE_HIGH,10,True,False,True,False,False,False,0.5554938956714761,0.9479221462388217
bead4ba93bf9603b,G6_NEAR_TIE_HIGH,10,True,True,True,False,False,False,0.5554938956714761,0.9479221462388217
ad7cfd6d7f35725b,G6_NEAR_TIE_HIGH,10,True,True,True,False,False,False,0.5554938956714761,0.9479221462388217
8124ed6f780883c8,G6_NEAR_TIE_HIGH,10,True,True,True,False,False,False,0.5554938956714761,0.9479221462388217
85ec6ce6df8ddbed,G6_NEAR_TIE_HIGH,100,True,True,True,False,False,False,0.5554938956714761,0.9479221462388217
ce153a9f247b0e72,G6_NEAR_TIE_HIGH,100,True,True,True,False,False,False,0.5554938956714761,0.9479221462388217
16945d04a80ce694,G6_NEAR_TIE_HIGH,100,True,True,True,False,False,False,0.5554938956714761,0.9479221462388217
af146d24666874e7,G6_NEAR_TIE_HIGH,100,True,True,True,False,False,False,0.5554938956714761,0.9479221462388217
6067e1b88101b713,G6_NEAR_TIE_HIGH,100,True,True,True,False,False,False,0.5554938956714761,0.9479221462388217
a77ae8b96e5ca11f,G6_NEAR_TIE_HIGH,100,True,True,True,False,False,False,0.5554938956714761,0.9479221462388217
0b8a934892b0ae12,G6_NEAR_TIE_HIGH,100,True,True,True,False,False,False,0.5554938956714761,0.9479221462388217
62729f4b7e18c025,G6_NEAR_TIE_HIGH,1000,True,True,True,False,False,False,0.5554938956714761,0.9479221462388217
a443294bb18583be,G6_NEAR_TIE_HIGH,1000,True,True,True,False,False,False,0.5554938956714761,0.9479221462388217
11837e499743059c,G6_NEAR_TIE_HIGH,1000,True,True,True,False,False,False,0.5554938956714761,0.9479221462388217
655ad5c10e6ed86d,G6_NEAR_TIE_HIGH,1000,True,True,True,False,False,False,0.5554938956714761,0.9479221462388217
3361f44224a026a0,G6_NEAR_TIE_HIGH,1000,False,True,True,False,False,False,0.5554938956714761,0.9479221462388217
c59e3770d9ea86da,G6_NEAR_TIE_HIGH,1000,True,True,False,False,False,False,0.5554938956714761,0.9479221462388217
2f0f32828ea48627,G6_NEAR_TIE_HIGH,1000,True,True,True,False,False,False,0.5554938956714761,0.9479221462388217
31e5206efddbb8a8,G7_NEAR_TIE_MEDIUM,10,True,False,False,False,False,False,0.5237981913374583,0.8237600470495982
853ccec0a174c5df,G7_NEAR_TIE_MEDIUM,10,True,False,False,False,False,False,0.5237981913374583,0.8237600470495982
11579414f2e19df3,G7_NEAR_TIE_MEDIUM,10,True,False,True,False,False,False,0.5237981913374583,0.8237600470495982
a00e3f48093856d5,G7_NEAR_TIE_MEDIUM,10,True,True,False,False,False,False,0.5237981913374583,0.8237600470495982
7712a83f1dd1b029,G7_NEAR_TIE_MEDIUM,10,True,False,False,False,False,False,0.5237981913374583,0.8237600470495982
7f20c271c727029b,G7_NEAR_TIE_MEDIUM,10,False,True,False,False,False,False,0.5237981913374583,0.8237600470495982
8cc1d9677f19ddaf,G7_NEAR_TIE_MEDIUM,10,False,False,False,False,False,False,0.5237981913374583,0.8237600470495982
2257f43d568b3703,G7_NEAR_TIE_MEDIUM,100,True,True,True,False,False,False,0.5237981913374583,0.8237600470495982
115f752375b4d5a0,G7_NEAR_TIE_MEDIUM,100,True,True,True,False,False,False,0.5237981913374583,0.8237600470495982
2d33ac34a7f6250c,G7_NEAR_TIE_MEDIUM,100,True,True,True,False,False,False,0.5237981913374583,0.8237600470495982
c3a6b06b06a20d42,G7_NEAR_TIE_MEDIUM,100,True,True,True,False,False,False,0.5237981913374583,0.8237600470495982
c5be23010d813ae6,G7_NEAR_TIE_MEDIUM,100,True,True,True,False,False,False,0.5237981913374583,0.8237600470495982
3e9a064e90a3d970,G7_NEAR_TIE_MEDIUM,100,True,True,True,False,False,False,0.5237981913374583,0.8237600470495982
4f366467b36d01b7,G7_NEAR_TIE_MEDIUM,100,True,True,True,False,False,False,0.5237981913374583,0.8237600470495982
26a28d52bd83cee4,G7_NEAR_TIE_MEDIUM,1000,True,True,True,False,False,False,0.5237981913374583,0.8237600470495982
29a9633b294317c6,G7_NEAR_TIE_MEDIUM,1000,True,True,True,False,False,False,0.5237981913374583,0.8237600470495982
d2ed04f38446d452,G7_NEAR_TIE_MEDIUM,1000,True,True,True,False,False,False,0.5237981913374583,0.8237600470495982
ca112e7e331bd8b0,G7_NEAR_TIE_MEDIUM,1000,True,True,True,False,False,False,0.5237981913374583,0.8237600470495982
c373f6a1ad7c8404,G7_NEAR_TIE_MEDIUM,1000,True,True,True,False,False,False,0.5237981913374583,0.8237600470495982
3d4088087f7aff5a,G7_NEAR_TIE_MEDIUM,1000,True,True,True,False,False,False,0.5237981913374583,0.8237600470495982
c270f4b707963074,G7_NEAR_TIE_MEDIUM,1000,True,True,False,False,False,False,0.5237981913374583,0.8237600470495982
ce786c8c7bb74767,G8_HIGH_VS_LOW,10,True,True,True,False,False,False,0.9966442953020135,0.99
b670d96487e37358,G8_HIGH_VS_LOW,10,True,True,True,False,False,False,0.9966442953020135,0.99
bb2777d0cf96f436,G8_HIGH_VS_LOW,10,True,True,True,False,False,False,0.9966442953020135,0.99
e34934e1e6bdeaca,G8_HIGH_VS_LOW,10,True,True,True,False,False,False,0.9966442953020135,0.99
55d0d6bb8b4ad9f7,G8_HIGH_VS_LOW,10,False,True,True,True,False,False,0.9966442953020135,0.99
dee0552f5e3ce903,G8_HIGH_VS_LOW,10,True,True,True,False,False,False,0.9966442953020135,0.99
bf72b6b55cead53c,G8_HIGH_VS_LOW,10,False,True,True,True,False,False,0.9966442953020135,0.99
0cbdc1c41f1d06fc,G8_HIGH_VS_LOW,100,False,True,True,True,False,False,0.9966442953020135,0.99
a870f96acbf0bb4e,G8_HIGH_VS_LOW,100,False,True,True,True,False,False,0.9966442953020135,0.99
5320697240f25f7e,G8_HIGH_VS_LOW,100,False,True,True,True,False,False,0.9966442953020135,0.99
0906ab55903a3c3b,G8_HIGH_VS_LOW,100,False,True,True,True,False,False,0.9966442953020135,0.99
cb0f1fe560afc3bc,G8_HIGH_VS_LOW,100,True,True,True,False,False,False,0.9966442953020135,0.99
a662ad8d88f131c1,G8_HIGH_VS_LOW,100,False,True,True,True,False,False,0.9966442953020135,0.99
8c28d7f21243413a,G8_HIGH_VS_LOW,100,False,True,True,True,False,False,0.9966442953020135,0.99
6d2a456540c5a024,G8_HIGH_VS_LOW,1000,True,True,True,False,False,False,0.9966442953020135,0.99
6c567896de09a4b2,G8_HIGH_VS_LOW,1000,True,True,True,False,False,False,0.9966442953020135,0.99
bfc8f232c6a70bd4,G8_HIGH_VS_LOW,1000,True,True,True,False,False,False,0.9966442953020135,0.99
d221e07fbdc9cb25,G8_HIGH_VS_LOW,1000,True,True,True,False,False,False,0.9966442953020135,0.99
5fd1ca83394b76e5,G8_HIGH_VS_LOW,1000,True,True,True,False,False,False,0.9966442953020135,0.99
db0626ffe9950f84,G8_HIGH_VS_LOW,1000,True,True,True,False,False,False,0.9966442953020135,0.99
4d9a1b858bc4ec4b,G8_HIGH_VS_LOW,1000,True,True,True,False,False,False,0.9966442953020135,0.99
385955d5c96d1447,G9_REVERSE_HIGH_LOW,10,False,True,True,True,False,False,0.00335570469798658,0.99
8462dc031deeb6dc,G9_REVERSE_HIGH_LOW,10,False,False,True,True,True,False,0.00335570469798658,0.99
ee2b6b68f892b159,G9_REVERSE_HIGH_LOW,10,False,True,True,True,False,False,0.00335570469798658,0.99
516d06bb5aa0f8bc,G9_REVERSE_HIGH_LOW,10,False,True,True,True,False,False,0.00335570469798658,0.99
8769ef6bd3818f6f,G9_REVERSE_HIGH_LOW,10,False,True,True,True,False,False,0.00335570469798658,0.99
aea9aefba77300b3,G9_REVERSE_HIGH_LOW,10,False,True,True,True,False,False,0.00335570469798658,0.99
5a0ec14f9a104376,G9_REVERSE_HIGH_LOW,10,False,True,True,True,False,False,0.00335570469798658,0.99
d1dc42d6b67f4b5a,G9_REVERSE_HIGH_LOW,100,False,True,True,True,False,False,0.00335570469798658,0.99
0e83ce6cd4847c13,G9_REVERSE_HIGH_LOW,100,False,True,True,True,False,False,0.00335570469798658,0.99
9b8422de828186ba,G9_REVERSE_HIGH_LOW,100,False,True,True,True,False,False,0.00335570469798658,0.99
2029960a2f9a642d,G9_REVERSE_HIGH_LOW,100,False,True,True,True,False,False,0.00335570469798658,0.99
3563d7b6715fe1c2,G9_REVERSE_HIGH_LOW,100,False,True,True,True,False,False,0.00335570469798658,0.99
7082849caec05048,G9_REVERSE_HIGH_LOW,100,False,True,True,True,False,False,0.00335570469798658,0.99
52270cb94a6325b4,G9_REVERSE_HIGH_LOW,100,False,True,True,True,False,False,0.00335570469798658,0.99
5cc9d03d57616e5b,G9_REVERSE_HIGH_LOW,1000,False,True,False,True,False,True,0.00335570469798658,0.99
f4ecb2560d8e85ce,G9_REVERSE_HIGH_LOW,1000,False,False,False,True,True,True,0.00335570469798658,0.99
6d6163ba5e0c5455,G9_REVERSE_HIGH_LOW,1000,False,True,False,True,False,True,0.00335570469798658,0.99
aea4883c85017ad2,G9_REVERSE_HIGH_LOW,1000,False,False,True,True,True,False,0.00335570469798658,0.99
8b104aab8aa8e66e,G9_REVERSE_HIGH_LOW,1000,False,False,False,True,True,True,0.00335570469798658,0.99
91231c835beb0fb6,G9_REVERSE_HIGH_LOW,1000,False,True,True,True,False,False,0.00335570469798658,0.99
833f71f4e7583dbd,G9_REVERSE_HIGH_LOW,1000,False,True,True,True,False,False,0.00335570469798658,0.99
